Chemform,N,RMSAD (SQS),d-band bimodality,d-band bimodality^2,VEC-5.7,VEC5.7^2,VEC SD from 5.7,VECSD5.7^2,Bond SD,Dbimodality^2xVEC5.7^2,Dbimodality^2xVECSD5.7^2
NbTaMoWRu,5,0.063814862,0.053543393,0.002866895,0.3,0.09,1.135781669,1.29,0.028271585,0.000258021,0.003698294
TiZrHfVNb,5,0.319350917,0.061850373,0.003825469,-1.3,1.69,1.389244399,1.93,0.064811075,0.006465042,0.007383154
WNbTaMoV,5,0.066301038,0.055428886,0.003072361,-0.3,0.09,0.574456265,0.33,0.035763902,0.000276513,0.001013879
VTaMoWRe,5,0.045432622,0.053693867,0.002883031,0.1,0.01,0.754983444,0.57,0.03288721,2.88E-05,0.001643328
HfMo3V2Ta2Nb2,5,0.098663052,0.056544627,0.003197295,-0.5,0.25,0.781024968,0.61,0.047073576,0.000799324,0.00195035
HfMoVZrW,5,0.218454715,0.057826725,0.00334393,-0.7,0.49,1.135781669,1.29,0.069100569,0.001638526,0.00431367
NbHf3,2,0.302905835,0.059831276,0.003579782,-1.45,2.1025,1.513274595,2.29,0.032616998,0.007526491,0.0081977
NbHf2,2,0.24208043,0.060547166,0.003665959,-1.366666667,1.867777778,1.445683229,2.09,0.035105174,0.006847197,0.007661855
HfNb,2,0.174437895,0.060206734,0.003624851,-1.2,1.44,1.3,1.69,0.036370927,0.005219785,0.006125998
HfNb2,2,0.141629219,0.05750335,0.003306635,-1.033333333,1.067777778,1.135781669,1.29,0.03346674,0.003530752,0.004265559
HfNb3,2,0.113614404,0.055265552,0.003054281,-0.95,0.9025,1.044030651,1.09,0.030359099,0.002756489,0.003329167
HfTaNbMoV,5,0.136766629,0.05854252,0.003427227,-0.7,0.49,0.943398113,0.89,0.054166212,0.001679341,0.003050232
HfTaRe,3,0.121192741,0.056753589,0.00322097,-0.366666667,0.134444444,1.3,1.69,0.054817698,0.000433041,0.005443439
HfTaRe2,3,0.080589869,0.056190703,0.003157395,0.05,0.0025,1.3,1.69,0.052855175,7.89E-06,0.005335998
HfTiTaReRu,5,0.137253046,0.052077102,0.002712025,-0.1,0.01,1.62788206,2.65,0.054886511,2.71E-05,0.007186865
HfTiVTaNb,5,0.181935306,0.060036901,0.00360443,-1.1,1.21,1.204159458,1.45,0.052780705,0.00436136,0.005226423
HfV3Ta2Nb2Mo2,5,0.130163962,0.057348502,0.003288851,-0.6,0.36,0.806225775,0.65,0.051809357,0.001183986,0.002137753
HfVMo,3,0.176929735,0.055799418,0.003113575,-0.7,0.49,1.075484387,1.156666667,0.069348488,0.001525652,0.003601369
HfVMo2,3,0.14539398,0.05320093,0.002830339,-0.45,0.2025,0.943398113,0.89,0.059629982,0.000573144,0.002519002
MoHf3Ta2Nb2V2,5,0.178309811,0.060265338,0.003631911,-0.9,0.81,1.081665383,1.17,0.058269541,0.002941848,0.004249336
MoHfV2,3,0.17471419,0.055989341,0.003134806,-0.7,0.49,0.994987437,0.99,0.068711615,0.001536055,0.003103458
MoRe3V2Nb2Ta2,5,0.056864313,0.054857287,0.003009322,0,0,0.9,0.81,0.038681295,0,0.002437551
MoReNb2,3,0.054231537,0.053665147,0.002879948,0.05,0.0025,0.830662386,0.69,0.026115518,7.20E-06,0.001987164
MoVNb2,3,0.072257945,0.052667505,0.002773866,-0.45,0.2025,0.6244998,0.39,0.03890394,0.000561708,0.001081808
MoW3V2Nb2Ta2,5,0.064659325,0.055951307,0.003130549,-0.3,0.09,0.574456265,0.33,0.035648107,0.000281749,0.001033081
MoWTi2,3,0.088350956,0.050814669,0.002582131,-0.7,0.49,1.220655562,1.49,0.013557209,0.001265244,0.003847375
MoWV2,3,0.047088237,0.049823417,0.002482373,-0.2,0.04,0.538516481,0.29,0.028673977,9.93E-05,0.000719888
WMo7,2,0.00779319,0.04956228,0.00245642,0.3,0.09,0.3,0.09,0.002054634,0.000221078,0.000221078
WMo3,2,0.0080329,0.050537682,0.002554057,0.3,0.09,0.3,0.09,0.002748118,0.000229865,0.000229865
MoW,2,0.007097004,0.052312886,0.002736638,0.3,0.09,0.3,0.09,0.003305003,0.000246297,0.000246297
MoW3,2,0.01398553,0.053853959,0.002900249,0.3,0.09,0.3,0.09,0.002974089,0.000261022,0.000261022
MoW7,2,0.018420877,0.054536695,0.002974251,0.3,0.09,0.3,0.09,0.002313642,0.000267683,0.000267683
ZrNb3,2,0.112137351,0.05174131,0.002677163,-0.95,0.9025,1.044030651,1.09,0.035744559,0.00241614,0.002918108
NbMoRe,3,0.036888669,0.054260819,0.002944236,0.3,0.09,0.86986589,0.756666667,0.024282836,0.000264981,0.002227806
NbMoRe2,3,0.048941946,0.054610366,0.002982292,0.55,0.3025,0.994987437,0.99,0.023290667,0.000902143,0.002952469
NbMoV2,3,0.073393733,0.052698056,0.002777085,-0.45,0.2025,0.6244998,0.39,0.040634743,0.00056236,0.001083063
W3NbMoRu,4,0.060735863,0.053888208,0.002903939,0.466666667,0.217777778,1.011599394,1.023333333,0.020277222,0.000632413,0.002971697
MoNb3,2,0.057560813,0.050342662,0.002534384,-0.45,0.2025,0.6244998,0.39,0.018941438,0.000513213,0.00098841
MoNb2,2,0.050300563,0.051461006,0.002648235,-0.366666667,0.134444444,0.597215762,0.356666667,0.020318467,0.00035604,0.000944537
NbMo,2,0.059430015,0.052707742,0.002778106,-0.2,0.04,0.538516481,0.29,0.020902524,0.000111124,0.000805651
NbMo2,2,0.041444521,0.052634544,0.002770395,-0.033333333,0.001111111,0.472581563,0.223333333,0.019086113,3.08E-06,0.000618722
NbMo3,2,0.03695057,0.052102969,0.002714719,0.05,0.0025,0.435889894,0.19,0.017242935,6.79E-06,0.000515797
RuNb7,2,0.056159538,0.045706559,0.00208909,-0.325,0.105625,1.044030651,1.09,0.025567575,0.00022066,0.002277108
RuNb3,2,0.077026482,0.046195093,0.002133987,0.05,0.0025,1.3,1.69,0.032906758,5.33E-06,0.003606437
RuNb2,2,0.109485755,0.046403951,0.002153327,0.3,0.09,1.445683229,2.09,0.035408464,0.000193799,0.004500453
NbTa3Mo2Re2V2,5,0.057001042,0.055189392,0.003045869,-0.1,0.01,0.806225775,0.65,0.038319405,3.05E-05,0.001979815
NbTa3Mo2W2V2,5,0.057988336,0.05581056,0.003114819,-0.3,0.09,0.574456265,0.33,0.036149855,0.000280334,0.00102789
NbTa3V2W2Ru2,5,0.073337942,0.053786248,0.00289296,0.1,0.01,1.170469991,1.37,0.040573498,2.89E-05,0.003963356
NbTaV2,3,0.094398653,0.058184846,0.003385476,-0.7,0.49,0.7,0.49,0.049089428,0.001658883,0.001658883
NbTaVWRu,5,0.068845752,0.053481065,0.002860224,0.1,0.01,1.170469991,1.37,0.040143698,2.86E-05,0.003918507
TaNb2W2Ru,4,0.058600228,0.054206836,0.002938381,0.133333333,0.017777778,1.075484387,1.156666667,0.027926879,5.22E-05,0.003398727
Nb3TaWRu,4,0.054459249,0.052250351,0.002730099,-0.033333333,0.001111111,1.106044002,1.223333333,0.02929204,3.03E-06,0.003339821
TaNb7,2,0.02285559,0.048227856,0.002325926,-0.7,0.49,0.7,0.49,0.00162972,0.001139704,0.001139704
TaNb3,2,0.030517693,0.050896872,0.002590492,-0.7,0.49,0.7,0.49,0.002059667,0.001269341,0.001269341
NbTa,2,0.042644499,0.054581583,0.002979149,-0.7,0.49,0.7,0.49,0.002202635,0.001459783,0.001459783
NbTa3,2,0.049347693,0.056061863,0.003142933,-0.7,0.49,0.7,0.49,0.001749151,0.001540037,0.001540037
NbTa7,2,0.048533393,0.055975342,0.003133239,-0.7,0.49,0.7,0.49,0.001273235,0.001535287,0.001535287
WNb3,2,0.051669198,0.05129843,0.002631529,-0.45,0.2025,0.6244998,0.39,0.016295787,0.000532885,0.001026296
WNb2,2,0.060818874,0.052839418,0.002792004,-0.366666667,0.134444444,0.597215762,0.356666667,0.017374145,0.000375369,0.000995815
NbW,2,0.037506515,0.055087525,0.003034635,-0.2,0.04,0.538516481,0.29,0.017638655,0.000121385,0.000880044
NbW2,2,0.02990027,0.056223807,0.003161116,-0.033333333,0.001111111,0.472581563,0.223333333,0.015868725,3.51E-06,0.000705983
NbW3,2,0.032547198,0.056375014,0.003178142,0.05,0.0025,0.435889894,0.19,0.014220236,7.95E-06,0.000603847
NbZr,2,0.17455822,0.053904569,0.002905703,-1.2,1.44,1.3,1.69,0.042011643,0.004184212,0.004910637
NbZr3,2,0.239137998,0.051497509,0.002651993,-1.45,2.1025,1.513274595,2.29,0.037016187,0.005575816,0.006073065
NbZrW2,3,0.08864479,0.058412888,0.003412065,-0.45,0.2025,0.943398113,0.89,0.047579996,0.000690943,0.003036738
ReHfTa2,3,0.108348559,0.057409037,0.003295798,-0.45,0.2025,1.178982612,1.39,0.047578055,0.000667399,0.004581159
ReNbMo2,3,0.030506472,0.053550985,0.002867708,0.3,0.09,0.768114575,0.59,0.021031033,0.000258094,0.001691948
ReV3Nb2Ru2Ta2,5,0.093791219,0.0529656,0.002805355,0.1,0.01,1.252996409,1.57,0.044116366,2.81E-05,0.004404407
ReV3Nb2Ta2Mo2,5,0.083207642,0.054835208,0.0030069,-0.3,0.09,0.728010989,0.53,0.04123177,0.000270621,0.001593657
RuNb3Re2V2Ta2,5,0.078863178,0.054153074,0.002932555,0,0,1.1,1.21,0.041789484,0,0.003548392
RuNb3Ta2V2W2,5,0.070652613,0.054843691,0.00300783,-0.2,0.04,0.943398113,0.89,0.039648626,0.000120313,0.002676969
RuTaNbVTi,5,0.113971764,0.05262452,0.00276934,-0.3,0.09,1.389244399,1.93,0.042197453,0.000249241,0.005344826
TaHf3Ti2V2Nb2,5,0.229446942,0.061244094,0.003750839,-1.2,1.44,1.3,1.69,0.058091213,0.005401208,0.006338918
TaMo3Re2V2Nb2,5,0.057091857,0.053196034,0.002829818,0,0,0.781024968,0.61,0.035100518,0,0.001726189
TaMo3W2V2Nb2,5,0.054008496,0.053939504,0.00290947,-0.2,0.04,0.538516481,0.29,0.033615258,0.000116379,0.000843746
TaMoWRe,4,0.031770248,0.05601661,0.003137861,0.3,0.09,0.768114575,0.59,0.02220659,0.000282407,0.001851338
W3TaMoRe,4,0.026487835,0.056017977,0.003138014,0.3,0.09,0.65064071,0.423333333,0.017881833,0.000282421,0.001328426
MoTa2W2Re,4,0.040458032,0.056754039,0.003221021,0.133333333,0.017777778,0.7,0.49,0.022980637,5.73E-05,0.0015783
WMoTaRu,4,0.084188117,0.052604536,0.002767237,0.55,0.3025,1.220655562,1.49,0.026425168,0.000837089,0.004123183
W3TaMoRu,4,0.062140057,0.053959905,0.002911671,0.466666667,0.217777778,1.011599394,1.023333333,0.021339159,0.000634097,0.00297961
TaMo2W2Ru,4,0.068178868,0.053031419,0.002812331,0.466666667,0.217777778,1.011599394,1.023333333,0.021327282,0.000612463,0.002877952
MoTa7,2,0.053145702,0.055960426,0.003131569,-0.575,0.330625,0.663324958,0.44,0.016768403,0.001035375,0.00137789
MoTa3,2,0.059578281,0.05616203,0.003154174,-0.45,0.2025,0.6244998,0.39,0.021326519,0.00063872,0.001230128
TaMo,2,0.052465789,0.055301907,0.003058301,-0.2,0.04,0.538516481,0.29,0.023143136,0.000122332,0.000886907
TaMo3,2,0.040721858,0.052757346,0.002783338,0.05,0.0025,0.435889894,0.19,0.01871633,6.96E-06,0.000528834
TaMo7,2,0.030149468,0.0508534,0.002586068,0.175,0.030625,0.374165739,0.14,0.013774064,7.92E-05,0.00036205
TaNbMoW,4,0.040114703,0.056327379,0.003172774,-0.2,0.04,0.538516481,0.29,0.020707724,0.000126911,0.000920104
W3TaNbMo,4,0.031233191,0.056436036,0.003185026,-0.033333333,0.001111111,0.472581563,0.223333333,0.017939019,3.54E-06,0.000711323
MoTa2Nb2W,4,0.048905881,0.056385479,0.003179322,-0.366666667,0.134444444,0.597215762,0.356666667,0.020309778,0.000427442,0.001133958
Ta3NbMoW,4,0.045562122,0.057007478,0.003249853,-0.366666667,0.134444444,0.597215762,0.356666667,0.020839565,0.000436925,0.001159114
TaRe3Nb2Ru2V2,5,0.119695214,0.052097814,0.002714182,0.5,0.25,1.345362405,1.81,0.037687514,0.000678546,0.00491267
TaReHf2,3,0.187383597,0.056233974,0.00316226,-0.7,0.49,1.410673598,1.99,0.05820111,0.001549507,0.006292897
ReTa7,2,0.055303699,0.056424583,0.003183734,-0.45,0.2025,0.8,0.64,0.022863648,0.000644706,0.002037589
ReTa3,2,0.057440187,0.057151394,0.003266282,-0.2,0.04,0.888819442,0.79,0.029166293,0.000130651,0.002580363
TaRe,2,0.049978494,0.057524842,0.003309107,0.3,0.09,1.044030651,1.09,0.031867495,0.00029782,0.003606927
TaTi3W2Nb2V2,5,0.110479774,0.054858641,0.00300947,-0.8,0.64,1.063014581,1.13,0.033855863,0.001926061,0.003400702
TaV3W2Ru2Nb2,5,0.078688995,0.052780103,0.002785739,0.1,0.01,1.170469991,1.37,0.040607206,2.79E-05,0.003816463
TaVNb2,3,0.078435302,0.055688005,0.003101154,-0.7,0.49,0.7,0.49,0.040600537,0.001519565,0.001519565
TaWReHfNb,5,0.111025937,0.058686103,0.003444059,-0.3,0.09,1.063014581,1.13,0.043932951,0.000309965,0.003891786
TiHfVTaW,5,0.163532226,0.058582608,0.003431922,-0.9,0.81,1.170469991,1.37,0.054668598,0.002779857,0.004701733
TiNbRu,3,0.118164332,0.046660066,0.002177162,-0.033333333,0.001111111,1.7,2.89,0.036658111,2.42E-06,0.006291997
RuTiNb2,3,0.1151686,0.04656947,0.002168716,-0.2,0.04,1.513274595,2.29,0.034975135,8.67E-05,0.004966359
TiNbTaVW,5,0.10013694,0.055522156,0.00308271,-0.7,0.49,0.943398113,0.89,0.035471073,0.001510528,0.002743612
TiNbWRe,4,0.055788089,0.052928408,0.002801416,-0.2,0.04,1.135781669,1.29,0.024628714,0.000112057,0.003613827
W3TiNbRe,4,0.037211862,0.053622964,0.002875422,-0.033333333,0.001111111,0.943398113,0.89,0.018953876,3.19E-06,0.002559126
TiNb2W2Re,4,0.048859086,0.053348423,0.002846054,-0.2,0.04,0.978093383,0.956666667,0.023138776,0.000113842,0.002722725
Nb3TiWRe,4,0.056946807,0.051962058,0.002700055,-0.366666667,0.134444444,1.011599394,1.023333333,0.025254718,0.000363007,0.002763057
TiNbWRu,4,0.084805589,0.049155955,0.002416308,0.05,0.0025,1.479864859,2.19,0.030022075,6.04E-06,0.005291714
W3TiNbRu,4,0.057956432,0.051404724,0.002642446,0.133333333,0.017777778,1.220655562,1.49,0.023040581,4.70E-05,0.003937244
TiNb2W2Ru,4,0.062547144,0.050802935,0.002580938,-0.033333333,0.001111111,1.247664485,1.556666667,0.027278398,2.87E-06,0.00401766
Nb3TiWRu,4,0.077434307,0.049089321,0.002409761,-0.2,0.04,1.27410099,1.623333333,0.029795696,9.64E-05,0.003911846
TiNbW,3,0.078328709,0.050846042,0.00258532,-0.7,0.49,1.075484387,1.156666667,0.017629134,0.001266807,0.002990353
TiNbW2,3,0.052489389,0.051818564,0.002685164,-0.45,0.2025,0.943398113,0.89,0.016575015,0.000543746,0.002389796
WTiNb2,3,0.062195471,0.05040747,0.002540913,-0.7,0.49,0.994987437,0.99,0.01775495,0.001245047,0.002515504
Nb2TiW2,3,0.060839229,0.051927345,0.002696449,-0.5,0.25,0.9,0.81,0.0180825,0.000674112,0.002184124
WNbTi2,3,0.087729277,0.050648082,0.002565228,-0.95,0.9025,1.260952021,1.59,0.016438776,0.002315118,0.004078713
Ti2WNb2,3,0.092051535,0.050118997,0.002511914,-0.9,0.81,1.170469991,1.37,0.016777585,0.00203465,0.003441322
NbTi2,2,0.189740844,0.051487778,0.002650991,-1.366666667,1.867777778,1.445683229,2.09,0.00773494,0.004951463,0.005540572
TiNb,2,0.103225908,0.049113384,0.002412125,-1.2,1.44,1.3,1.69,0.009511045,0.003473459,0.00407649
TiNb2,2,0.062479632,0.047241912,0.002231798,-1.033333333,1.067777778,1.135781669,1.29,0.010126273,0.002383065,0.00287902
TiNb3,2,0.076443631,0.046494771,0.002161764,-0.95,0.9025,1.044030651,1.09,0.009815694,0.001950992,0.002356322
RuTi3,2,0.169655263,0.050712945,0.002571803,-0.7,0.49,1.868154169,3.49,0.035196404,0.001260183,0.008975592
RuTi2,2,0.158848647,0.048927866,0.002393936,-0.366666667,0.134444444,1.920937271,3.69,0.035520249,0.000321851,0.008833624
TiRu,2,0.16180633,0.046196279,0.002134096,0.3,0.09,2.022374842,4.09,0.031530183,0.000192069,0.008728454
TiTa3W2Mo2V2,5,0.068337483,0.054826481,0.003005943,-0.4,0.16,0.754983444,0.57,0.034614516,0.000480951,0.001713388
TiTaWMoV,5,0.082269011,0.054063415,0.002922853,-0.5,0.25,0.9,0.81,0.032332144,0.000730713,0.002367511
TiVNbMo,4,0.093422883,0.053999253,0.002915919,-0.7,0.49,0.994987437,0.99,0.034963415,0.0014288,0.00288676
TiW3Ta2V2Mo2,5,0.059378468,0.05381957,0.002896546,-0.3,0.09,0.728010989,0.53,0.031950556,0.000260689,0.001535169
TiWReZrRu,5,0.143614588,0.052243708,0.002729405,0.1,0.01,1.603121954,2.57,0.056855292,2.73E-05,0.007014571
TiWRe,3,0.045496665,0.052220884,0.002727021,-0.033333333,0.001111111,1.247664485,1.556666667,0.017871517,3.03E-06,0.004245062
ReTiW2,3,0.035513873,0.05227698,0.002732883,0.05,0.0025,1.090871211,1.19,0.014634796,6.83E-06,0.00325213
WTi3,2,0.176489028,0.052020268,0.002706108,-1.2,1.44,1.479864859,2.19,0.014106351,0.003896796,0.005926377
WTi2,2,0.130550366,0.050864352,0.002587182,-1.033333333,1.067777778,1.398809017,1.956666667,0.014017945,0.002762536,0.005062253
WTi,2,0.074151643,0.049681176,0.002468219,-0.7,0.49,1.220655562,1.49,0.012030342,0.001209427,0.003677647
TiW2,2,0.046371616,0.050002875,0.002500287,-0.366666667,0.134444444,1.011599394,1.023333333,0.008672782,0.00033615,0.002558628
TiW3,2,0.030953442,0.050728053,0.002573335,-0.2,0.04,0.888819442,0.79,0.006744406,0.000102933,0.002032935
TiW7,2,0.018197326,0.05252123,0.00275848,0.05,0.0025,0.663324958,0.44,0.003759196,6.90E-06,0.001213731
TiZrHfNb,4,0.300880584,0.059130357,0.003496399,-1.45,2.1025,1.513274595,2.29,0.045228308,0.007351179,0.008006754
Nb3TiZrHf,4,0.166706205,0.056363594,0.003176855,-1.2,1.44,1.3,1.69,0.040436592,0.004574671,0.005368885
TiHf2Nb2Zr,4,0.245260192,0.05947467,0.003537236,-1.366666667,1.867777778,1.445683229,2.09,0.04268801,0.006606771,0.007392824
TiZrVNb,4,0.223439988,0.0598051,0.00357665,-1.2,1.44,1.3,1.69,0.063736712,0.005150376,0.006044539
TiV2Zr2Nb,4,0.27090418,0.061315007,0.00375953,-1.2,1.44,1.3,1.69,0.073483829,0.005413723,0.006353606
W5Ta12V4Mo3,4,0.063817847,0.056741584,0.003219607,-0.366666667,0.134444444,0.597215762,0.356666667,0.035856061,0.000432858,0.001148327
Hf2V7Ta4W11,4,0.078580511,0.056204937,0.003158995,-0.325,0.105625,0.711805217,0.506666667,0.046756062,0.000333669,0.001600557
Ta6W11V5Mo2,4,0.047021526,0.055215982,0.003048805,-0.158333333,0.025069444,0.522812905,0.273333333,0.03367235,7.64E-05,0.00083334
TiV5Ta4W2,4,0.107954327,0.05749051,0.003305159,-0.616666667,0.380277778,0.789514619,0.623333333,0.04375295,0.001256878,0.002060216
V5Nb2Ta7W10,4,0.059834496,0.056634425,0.003207458,-0.283333333,0.080277778,0.56862407,0.323333333,0.035992041,0.000257488,0.001037078
Ti3V8Ta5W8,4,0.071148012,0.055408126,0.00307006,-0.491666667,0.241736111,0.810349719,0.656666667,0.03760213,0.000742144,0.002016006
W13Ta2Mo3Re6,4,0.030549125,0.055841757,0.003118302,0.466666667,0.217777778,0.723417814,0.523333333,0.015406628,0.000679097,0.001631911
V7Nb2Ta8W7,4,0.070324907,0.057055852,0.00325537,-0.408333333,0.166736111,0.611010093,0.373333333,0.040771203,0.000542788,0.001215338
Ti4V6Ta3W11,4,0.06009455,0.053834537,0.002898157,-0.408333333,0.166736111,0.840634681,0.706666667,0.031972926,0.000483227,0.002048031
V6W11Re5Ru2,4,0.060627887,0.051650819,0.002667807,0.425,0.180625,0.978093383,0.956666667,0.02642614,0.000481873,0.002552202
V7Nb3Ta8W6,4,0.072946832,0.057294105,0.003282615,-0.45,0.2025,0.6244998,0.39,0.041358,0.000664729,0.00128022
Mo5W12V4Ta3,4,0.034363625,0.053481155,0.002860234,0.008333333,6.94E-05,0.454606057,0.206666667,0.02789601,1.99E-07,0.000591115
Mo5W3Re3Ru,4,0.07879678,0.052606505,0.002767444,0.716666667,0.513611111,0.960902354,0.923333333,0.011672517,0.00142139,0.002555274
Ta3W16Re3Ru2,4,0.045473587,0.055869657,0.003121419,0.466666667,0.217777778,0.879393731,0.773333333,0.018579495,0.000679776,0.002413897
Mo5W3Re3V,4,0.031108408,0.051520978,0.002654411,0.466666667,0.217777778,0.723417814,0.523333333,0.017912115,0.000578072,0.001389142
Hf2W15Re5Ru2,4,0.066762695,0.055742874,0.003107268,0.508333333,0.258402778,1.044030651,1.09,0.030244701,0.000802927,0.003386922
Mo3W16Ta3Re2,4,0.024969131,0.055802497,0.003113919,0.258333333,0.066736111,0.522812905,0.273333333,0.014490762,0.000207811,0.000851138
VTaMoW9,4,0.039709349,0.054486745,0.002968805,0.133333333,0.017777778,0.395811403,0.156666667,0.020966343,5.28E-05,0.000465113
NbTaReW9,4,0.020375675,0.05671246,0.003216303,0.216666667,0.046944444,0.538516481,0.29,0.015175095,0.000150988,0.000932728
Ti2Nb2Mo3W17,4,0.02477257,0.053574667,0.002870245,0.05,0.0025,0.597215762,0.356666667,0.010114931,7.18E-06,0.001023721
V2Re2Ta3W17,4,0.031504172,0.055449947,0.003074697,0.175,0.030625,0.553774924,0.306666667,0.023345009,9.42E-05,0.000942907
Ti6Hf2NbTa3,4,0.226766184,0.056628821,0.003206823,-1.366666667,1.867777778,1.445683229,2.09,0.033076286,0.005989633,0.006702261
Hf3Ta2Ti5V14,4,0.218619573,0.062468853,0.003902358,-1.033333333,1.067777778,1.135781669,1.29,0.060791555,0.004166851,0.005034041
Ti4V3Ta14W3,4,0.096254088,0.056092109,0.003146325,-0.741666667,0.550069444,0.916515139,0.84,0.032394961,0.001730697,0.002642913
V7Nb2Ti8Ta7,4,0.173291283,0.058720617,0.003448111,-1.033333333,1.067777778,1.135781669,1.29,0.040156232,0.003681816,0.004448063
Hf2Ta5Ti8V9,4,0.197795475,0.0615719,0.003791099,-1.116666667,1.246944444,1.220655562,1.49,0.05246355,0.00472729,0.005648737
V13Nb2Hf3Ta6,4,0.157057145,0.060654426,0.003678959,-0.825,0.680625,0.888819442,0.79,0.062501928,0.002503992,0.002906378
Ti13Nb4Hf2Ta5,4,0.215848886,0.054889338,0.003012839,-1.325,1.755625,1.410673598,1.99,0.025532929,0.005289416,0.00599555
Ti5HfVTa5,4,0.172715748,0.056889261,0.003236388,-1.2,1.44,1.3,1.69,0.03548365,0.004660399,0.005469496
Ti13Hf7V2Nb2,4,0.325203902,0.061301566,0.003757882,-1.533333333,2.351111111,1.577973384,2.49,0.050305412,0.008835198,0.009357126
VMoHf2,3,0.23838416,0.057616336,0.003319642,-0.95,0.9025,1.260952021,1.59,0.072746399,0.002995977,0.005278231
VMoW,3,0.034549943,0.049772083,0.00247726,-0.033333333,0.001111111,0.472581563,0.223333333,0.02778766,2.75E-06,0.000553255
VMoW2,3,0.036368997,0.050963298,0.002597258,0.05,0.0025,0.435889894,0.19,0.026375662,6.49E-06,0.000493479
WVMoRu,4,0.100305379,0.049000232,0.002401023,0.55,0.3025,1.220655562,1.49,0.026121963,0.000726309,0.003577524
W3VMoRu,4,0.064591781,0.051112257,0.002612463,0.466666667,0.217777778,1.011599394,1.023333333,0.024939646,0.000568936,0.00267342
VNb3Ta2Mo2Re2,5,0.063570967,0.055307554,0.003058925,-0.1,0.01,0.806225775,0.65,0.034026682,3.06E-05,0.001988302
VNb3Ta2Mo2W2,5,0.05584617,0.055732356,0.003106096,-0.3,0.09,0.574456265,0.33,0.030362206,0.000279549,0.001025012
VNbMo,3,0.07272981,0.052415063,0.002747339,-0.366666667,0.134444444,0.597215762,0.356666667,0.039211196,0.000369364,0.000979884
VNbMo2,3,0.048623123,0.051351831,0.002637011,-0.2,0.04,0.538516481,0.29,0.034062121,0.00010548,0.000764733
VNbTa,3,0.101989138,0.057708619,0.003330285,-0.7,0.49,0.7,0.49,0.045131091,0.00163184,0.00163184
VNbTa2,3,0.086865995,0.058158253,0.003382382,-0.7,0.49,0.7,0.49,0.041219196,0.001657367,0.001657367
VNbTaMoRe,5,0.058886045,0.054724259,0.002994745,-0.1,0.01,0.806225775,0.65,0.037913054,2.99E-05,0.001946584
VNbTaMoW,5,0.07435891,0.055428886,0.003072361,-0.3,0.09,0.574456265,0.33,0.035763902,0.000276513,0.001013879
WVNbRu,4,0.085443843,0.051564748,0.002658923,0.3,0.09,1.260952021,1.59,0.037496538,0.000239303,0.004227688
W3VNbRu,4,0.061963898,0.053064218,0.002815811,0.3,0.09,1.044030651,1.09,0.031314084,0.000253423,0.003069234
VNb2W2Ru,4,0.059095387,0.052860356,0.002794217,0.133333333,0.017777778,1.075484387,1.156666667,0.035616203,4.97E-05,0.003231978
VReNbRuTa,5,0.093416054,0.052893686,0.002797742,0.3,0.09,1.3,1.69,0.041124919,0.000251797,0.004728184
VTi3Hf2Ta2W2,5,0.178029066,0.057483713,0.003304377,-1,1,1.268857754,1.61,0.048756277,0.003304377,0.005320047
VTi3W2Ta2Mo2,5,0.097940627,0.053418344,0.002853519,-0.6,0.36,1.024695077,1.05,0.027216948,0.001027267,0.002996195
VW3Ru2Nb2Ta2,5,0.078502672,0.053833106,0.002898003,0.2,0.04,1.153256259,1.33,0.03511842,0.00011592,0.003854344
WV7,2,0.043351068,0.0537195,0.002885785,-0.575,0.330625,0.663324958,0.44,0.01880409,0.000954113,0.001269745
WV3,2,0.046456823,0.052612329,0.002768057,-0.45,0.2025,0.6244998,0.39,0.025167833,0.000560532,0.001079542
VW,2,0.043510273,0.051711073,0.002674035,-0.2,0.04,0.538516481,0.29,0.03030495,0.000106961,0.00077547
VW3,2,0.02742765,0.052560596,0.002762616,0.05,0.0025,0.435889894,0.19,0.027300273,6.91E-06,0.000524897
VW7,2,0.02658228,0.0536419,0.002877453,0.175,0.030625,0.374165739,0.14,0.021248371,8.81E-05,0.000402843
VZr3Mo2Hf2W2,5,0.238769249,0.057900932,0.003352518,-0.8,0.64,1.236931688,1.53,0.066693712,0.002145611,0.005129352
VZrReWRu,5,0.130007391,0.052500806,0.002756335,0.3,0.09,1.445683229,2.09,0.061664909,0.00024807,0.005760739
WHf3V2Ta2Ti2,5,0.235125451,0.060238601,0.003628689,-1.1,1.21,1.284523258,1.65,0.059884975,0.004390714,0.005987337
WNbZr2,3,0.174642742,0.056787053,0.003224769,-0.95,0.9025,1.260952021,1.59,0.053416633,0.002910354,0.005127383
ReW7,2,0.016728941,0.055669265,0.003099067,0.425,0.180625,0.538516481,0.29,0.008089866,0.000559769,0.000898729
ReW3,2,0.027058413,0.055989175,0.003134788,0.55,0.3025,0.7,0.49,0.010530954,0.000948273,0.001536046
WRu3Nb2Ta2V2,5,0.119822487,0.051837779,0.002687155,0.3,0.09,1.374772708,1.89,0.041657286,0.000241844,0.005078724
RuW7,2,0.063146543,0.054458611,0.00296574,0.55,0.3025,0.860232527,0.74,0.012483922,0.000897136,0.002194648
WTi3Hf2Ta2V2,5,0.193402801,0.059613958,0.003553824,-1.1,1.21,1.284523258,1.65,0.054544018,0.004300127,0.00586381
WTi3Mo2V2Ta2,5,0.107243044,0.054849014,0.003008414,-0.7,0.49,1.044030651,1.09,0.032916718,0.001474123,0.003279172
WTiNbTaV,5,0.097072621,0.055522156,0.00308271,-0.7,0.49,0.943398113,0.89,0.035471073,0.001510528,0.002743612
WV3Nb2Ta2Mo2,5,0.081185586,0.05533738,0.003062226,-0.4,0.16,0.608276253,0.37,0.040384114,0.000489956,0.001133023
WVMo2,3,0.049078746,0.049131868,0.00241394,0.05,0.0025,0.435889894,0.19,0.025382814,6.03E-06,0.000458649
ZrHf3V2Mo2W2,5,0.176459399,0.057692999,0.003328482,-0.7,0.49,1.135781669,1.29,0.067614117,0.001630956,0.004293742
ZrNb,2,0.164481519,0.053904569,0.002905703,-1.2,1.44,1.3,1.69,0.042011643,0.004184212,0.004910637
ZrWNb,3,0.125631433,0.057772371,0.003337647,-0.7,0.49,1.075484387,1.156666667,0.050000609,0.001635447,0.003860545
ZrWNb2,3,0.112271236,0.056327901,0.003172832,-0.7,0.49,0.994987437,0.99,0.043799584,0.001554688,0.003141104
